{
  "bbox_AP": 0.1565327963925328,
  "bbox_AP50": 0.29661591143509247,
  "bbox_AP75": 0.15689343654856805,
  "best_epoch": 6,
  "best_metric_name": "segm_AP",
  "best_metric_value": 0.14910460527516847,
  "epoch": 6,
  "experiment_id": "exp001_run1",
  "is_best": true,
  "loss_box_reg": 0.267,
  "loss_classifier": 0.2285,
  "loss_mask": 0.2188,
  "loss_objectness": 0.098,
  "loss_rpn_box_reg": 0.1195,
  "segm_AP": 0.14910460527516847,
  "segm_AP50": 0.2832487485955053,
  "segm_AP75": 0.14784465801417496,
  "segm_AP_damaged": 0.035352666245961846,
  "segm_AP_destroyed": 0.1215369477886466,
  "segm_AP_intact": 0.290424201790897,
  "status": "completed",
  "timestamp": "2026-03-29T00:19:54Z",
  "train_loss": 0.9317
}
