{
  "bbox_AP": 0.13548247884835518,
  "bbox_AP50": 0.2589139354164323,
  "bbox_AP75": 0.13236747024531573,
  "best_epoch": 2,
  "best_metric_name": "segm_AP",
  "best_metric_value": 0.13011484228483697,
  "epoch": 2,
  "experiment_id": "exp001_run1",
  "is_best": true,
  "loss_box_reg": 0.2891,
  "loss_classifier": 0.2561,
  "loss_mask": 0.2334,
  "loss_objectness": 0.1173,
  "loss_rpn_box_reg": 0.1312,
  "segm_AP": 0.13011484228483697,
  "segm_AP50": 0.24946873448083942,
  "segm_AP75": 0.12648601639222876,
  "segm_AP_damaged": 0.01462946565867294,
  "segm_AP_destroyed": 0.10413990245161824,
  "segm_AP_intact": 0.2715751587442197,
  "status": "completed",
  "timestamp": "2026-03-29T00:19:54Z",
  "train_loss": 1.0271
}
