{
  "bbox_AP": 0.17037708510957084,
  "bbox_AP50": 0.3069439912051422,
  "bbox_AP75": 0.17479302655462514,
  "best_epoch": 8,
  "best_metric_name": "segm_AP",
  "best_metric_value": 0.16208021082434165,
  "epoch": 8,
  "experiment_id": "exp001_run1",
  "is_best": true,
  "loss_box_reg": 0.2507,
  "loss_classifier": 0.2079,
  "loss_mask": 0.2107,
  "loss_objectness": 0.0824,
  "loss_rpn_box_reg": 0.1091,
  "segm_AP": 0.16208021082434165,
  "segm_AP50": 0.29768535766639387,
  "segm_AP75": 0.16634134304903836,
  "segm_AP_damaged": 0.03756862351288602,
  "segm_AP_destroyed": 0.13035695759581387,
  "segm_AP_intact": 0.3183150513643251,
  "status": "completed",
  "timestamp": "2026-03-29T00:19:54Z",
  "train_loss": 0.8608
}
