{
  "bbox_AP": 0.1757316616239805,
  "bbox_AP50": 0.3223216205841922,
  "bbox_AP75": 0.17793421591689396,
  "best_epoch": 9,
  "best_metric_name": "segm_AP",
  "best_metric_value": 0.16668100702481267,
  "epoch": 9,
  "experiment_id": "exp001_run1",
  "is_best": true,
  "loss_box_reg": 0.2463,
  "loss_classifier": 0.2029,
  "loss_mask": 0.2084,
  "loss_objectness": 0.081,
  "loss_rpn_box_reg": 0.1066,
  "segm_AP": 0.16668100702481267,
  "segm_AP50": 0.3110367288055163,
  "segm_AP75": 0.16887511953659554,
  "segm_AP_damaged": 0.050384084169950216,
  "segm_AP_destroyed": 0.13367854566376403,
  "segm_AP_intact": 0.3159803912407238,
  "status": "completed",
  "timestamp": "2026-03-29T00:19:54Z",
  "train_loss": 0.8453
}
