{
  "bbox_AP": 0.1530296449486929,
  "bbox_AP50": 0.27937295692331005,
  "bbox_AP75": 0.1559184034707953,
  "best_epoch": 5,
  "best_metric_name": "segm_AP",
  "best_metric_value": 0.14684234814994557,
  "epoch": 5,
  "experiment_id": "exp001_run1",
  "is_best": true,
  "loss_box_reg": 0.271,
  "loss_classifier": 0.2337,
  "loss_mask": 0.2218,
  "loss_objectness": 0.1014,
  "loss_rpn_box_reg": 0.1217,
  "segm_AP": 0.14684234814994557,
  "segm_AP50": 0.2685811525092693,
  "segm_AP75": 0.1516756683274335,
  "segm_AP_damaged": 0.019888915221992657,
  "segm_AP_destroyed": 0.12048620160261267,
  "segm_AP_intact": 0.30015192762523135,
  "status": "completed",
  "timestamp": "2026-03-29T00:19:54Z",
  "train_loss": 0.9496
}
