{
  "bbox_AP": 0.14708239551854307,
  "bbox_AP50": 0.2826436164495006,
  "bbox_AP75": 0.14258813375956728,
  "best_epoch": 3,
  "best_metric_name": "segm_AP",
  "best_metric_value": 0.13969111235167497,
  "epoch": 3,
  "experiment_id": "exp001_run1",
  "is_best": true,
  "loss_box_reg": 0.2793,
  "loss_classifier": 0.2448,
  "loss_mask": 0.2283,
  "loss_objectness": 0.1105,
  "loss_rpn_box_reg": 0.1278,
  "segm_AP": 0.13969111235167497,
  "segm_AP50": 0.27039259447703085,
  "segm_AP75": 0.13527177431519402,
  "segm_AP_damaged": 0.021261293530038222,
  "segm_AP_destroyed": 0.11479472867257813,
  "segm_AP_intact": 0.2830173148524086,
  "status": "completed",
  "timestamp": "2026-03-29T00:19:54Z",
  "train_loss": 0.9906
}
