{
  "bbox_AP": 0.17942044439652274,
  "bbox_AP50": 0.3251365780438311,
  "bbox_AP75": 0.1846806905542134,
  "best_epoch": 11,
  "best_metric_name": "segm_AP",
  "best_metric_value": 0.1694341960941629,
  "epoch": 11,
  "experiment_id": "exp001_run1",
  "is_best": true,
  "loss_box_reg": 0.2443,
  "loss_classifier": 0.1983,
  "loss_mask": 0.2073,
  "loss_objectness": 0.0782,
  "loss_rpn_box_reg": 0.1046,
  "segm_AP": 0.1694341960941629,
  "segm_AP50": 0.31393705409732514,
  "segm_AP75": 0.17180406439675777,
  "segm_AP_damaged": 0.05408487994655107,
  "segm_AP_destroyed": 0.13637066648293314,
  "segm_AP_intact": 0.31784704185300466,
  "status": "completed",
  "timestamp": "2026-03-29T00:19:54Z",
  "train_loss": 0.8327
}
