{
  "bbox_AP": 0.17746319020692342,
  "bbox_AP50": 0.3228554655121938,
  "bbox_AP75": 0.18233104995783855,
  "best_epoch": 10,
  "best_metric_name": "segm_AP",
  "best_metric_value": 0.16742124975188202,
  "epoch": 10,
  "experiment_id": "exp001_run1",
  "is_best": true,
  "loss_box_reg": 0.2453,
  "loss_classifier": 0.2018,
  "loss_mask": 0.208,
  "loss_objectness": 0.0791,
  "loss_rpn_box_reg": 0.1062,
  "segm_AP": 0.16742124975188202,
  "segm_AP50": 0.3120908337791043,
  "segm_AP75": 0.16853798189917593,
  "segm_AP_damaged": 0.05176494657280674,
  "segm_AP_destroyed": 0.13476436060228583,
  "segm_AP_intact": 0.3157344420805535,
  "status": "completed",
  "timestamp": "2026-03-29T00:19:54Z",
  "train_loss": 0.8404
}
