{
  "bbox_AP": 0.14725189802132543,
  "bbox_AP50": 0.27591700437411687,
  "bbox_AP75": 0.14891107291350159,
  "best_epoch": 4,
  "best_metric_name": "segm_AP",
  "best_metric_value": 0.14017797747216135,
  "epoch": 4,
  "experiment_id": "exp001_run1",
  "is_best": true,
  "loss_box_reg": 0.2764,
  "loss_classifier": 0.2398,
  "loss_mask": 0.2248,
  "loss_objectness": 0.1076,
  "loss_rpn_box_reg": 0.1239,
  "segm_AP": 0.14017797747216135,
  "segm_AP50": 0.266357463786131,
  "segm_AP75": 0.13879052633752448,
  "segm_AP_damaged": 0.025869360979226024,
  "segm_AP_destroyed": 0.10603726817070415,
  "segm_AP_intact": 0.28862730326655384,
  "status": "completed",
  "timestamp": "2026-03-29T00:19:54Z",
  "train_loss": 0.9724
}
