{
  "bbox_AP": 0.15891065175006816,
  "bbox_AP50": 0.29747288245916703,
  "bbox_AP75": 0.15746757208424528,
  "best_epoch": 7,
  "best_metric_name": "segm_AP",
  "best_metric_value": 0.1522639901568257,
  "epoch": 7,
  "experiment_id": "exp001_run1",
  "is_best": true,
  "loss_box_reg": 0.262,
  "loss_classifier": 0.2242,
  "loss_mask": 0.2159,
  "loss_objectness": 0.0927,
  "loss_rpn_box_reg": 0.1175,
  "segm_AP": 0.1522639901568257,
  "segm_AP50": 0.28808403452398346,
  "segm_AP75": 0.1511659925782267,
  "segm_AP_damaged": 0.03800503910377903,
  "segm_AP_destroyed": 0.1218763804506323,
  "segm_AP_intact": 0.29691055091606583,
  "status": "completed",
  "timestamp": "2026-03-29T00:19:54Z",
  "train_loss": 0.9122
}
