{
  "best_ckpt": {
    "exists": true,
    "mtime": 1774603147.4228144,
    "size": 351202127
  },
  "gpu_processes": [],
  "latest_ckpt": {
    "exists": true,
    "mtime": 1774603146.733898,
    "size": 351194279
  },
  "observed_at": 1774743595.4917352,
  "process_matches": [],
  "process_pattern": null,
  "process_running": null,
  "train_log": {
    "exists": true,
    "mtime": 1774603147.4235156,
    "size": 181027
  }
}
